2003-12-31 01:00:00,1.25950,1.25951,1.25962,1.25944
2004-01-01 01:00:00,1.25950,1.25733,1.26052,1.24698
2004-01-01 01:00:00,1.25717,1.25675,1.25936,1.25663
2004-01-02 01:00:00,1.25688,1.25832,1.26282,1.25214
2004-01-04 01:00:00,1.25832,1.26318,1.26487,1.25795
2004-01-04 01:00:00,1.26324,1.26554,1.26687,1.26301
2004-01-05 01:00:00,1.26549,1.26830,1.26935,1.26325
2004-01-05 01:00:00,1.26836,1.26805,1.26893,1.26747
2004-01-06 01:00:00,1.26795,1.27150,1.28093,1.26666
2004-01-06 01:00:00,1.27161,1.27192,1.27354,1.27152
2004-01-07 01:00:00,1.27222,1.26377,1.27417,1.26180
2004-01-07 01:00:00,1.26369,1.26332,1.26393,1.26157
2004-01-08 01:00:00,1.26332,1.27696,1.27854,1.25590
2004-01-08 01:00:00,1.27698,1.27566,1.27715,1.27542
2004-01-09 01:00:00,1.27565,1.28149,1.28676,1.27034
2004-01-11 01:00:00,1.28538,1.28477,1.28572,1.28371
2004-01-11 01:00:00,1.28498,1.28395,1.28502,1.28367
2004-01-12 01:00:00,1.28384,1.27390,1.28971,1.27327
2004-01-12 01:00:00,1.27368,1.27211,1.27451,1.27142
2004-01-13 01:00:00,1.27202,1.27836,1.27957,1.27119
2004-01-13 01:00:00,1.27850,1.27583,1.27870,1.27544
2004-01-14 01:00:00,1.27566,1.26514,1.27652,1.26296
2004-01-14 01:00:00,1.26517,1.26398,1.26552,1.26355
2004-01-15 01:00:00,1.26380,1.25947,1.26707,1.25614
2004-01-15 01:00:00,1.25963,1.25948,1.26091,1.25906
2004-01-16 01:00:00,1.25960,1.23962,1.25965,1.23504
2004-01-18 01:00:00,1.23676,1.23832,1.24018,1.23647
2004-01-18 01:00:00,1.23833,1.23752,1.23898,1.23713
2004-01-19 01:00:00,1.23759,1.23503,1.24230,1.23337
2004-01-19 01:00:00,1.23506,1.23642,1.23669,1.23426
2004-01-20 01:00:00,1.23643,1.25822,1.25997,1.23565
2004-01-20 01:00:00,1.25808,1.25732,1.25817,1.25641
2004-01-21 01:00:00,1.25705,1.26539,1.26710,1.25504
2004-01-21 01:00:00,1.26557,1.26621,1.26657,1.26521
2004-01-22 01:00:00,1.26608,1.27194,1.27485,1.26366
2004-01-22 01:00:00,1.27211,1.27158,1.27227,1.27029
2004-01-23 01:00:00,1.27148,1.25797,1.27742,1.25631
2004-01-25 01:00:00,1.25742,1.25680,1.25875,1.25622
2004-01-25 01:00:00,1.25677,1.25626,1.25766,1.25585
2004-01-26 01:00:00,1.25627,1.24834,1.26107,1.24562
2004-01-26 01:00:00,1.24850,1.24753,1.24885,1.24752
2004-01-27 01:00:00,1.24767,1.26328,1.26618,1.24403
2004-01-27 01:00:00,1.26353,1.26165,1.26359,1.26133
2004-01-28 01:00:00,1.26181,1.24355,1.26425,1.24130
2004-01-28 01:00:00,1.24365,1.24708,1.24726,1.24335
2004-01-29 01:00:00,1.24708,1.24060,1.25265,1.23617
2004-01-29 01:00:00,1.24053,1.24071,1.24130,1.23948
2004-01-30 01:00:00,1.24057,1.24747,1.24911,1.23506
2004-02-01 01:00:00,1.24696,1.24731,1.24858,1.24676
2004-02-01 01:00:00,1.24720,1.24631,1.24800,1.24626
2004-02-02 01:00:00,1.24628,1.24280,1.24787,1.23897
2004-02-02 01:00:00,1.24288,1.24278,1.24335,1.24139
2004-02-03 01:00:00,1.24263,1.25427,1.25973,1.24253
2004-02-03 01:00:00,1.25408,1.25175,1.25435,1.25165
2004-02-04 01:00:00,1.25194,1.25364,1.25609,1.24929
2004-02-04 01:00:00,1.25341,1.25338,1.25374,1.25270
2004-02-05 01:00:00,1.25345,1.25653,1.26364,1.25177
2004-02-05 01:00:00,1.25670,1.25619,1.25698,1.25559
2004-02-06 01:00:00,1.25609,1.27026,1.27243,1.25118
2004-02-08 01:00:00,1.26054,1.26439,1.26485,1.25980
2004-02-08 01:00:00,1.26466,1.26833,1.26942,1.26456
2004-02-09 01:00:00,1.26820,1.26882,1.27599,1.26484
2004-02-09 01:00:00,1.26891,1.26873,1.26996,1.26839
2004-02-10 01:00:00,1.26865,1.26799,1.27863,1.26664
2004-02-10 01:00:00,1.26799,1.26946,1.27017,1.26739
2004-02-11 01:00:00,1.26962,1.28260,1.28444,1.26496
2004-02-11 01:00:00,1.28243,1.28184,1.28311,1.28121
2004-02-12 01:00:00,1.28192,1.28158,1.28445,1.27887
2004-02-12 01:00:00,1.28128,1.28077,1.28164,1.27969
2004-02-13 01:00:00,1.28098,1.27315,1.28918,1.27145
2004-02-15 01:00:00,1.27444,1.27262,1.27451,1.27225
2004-02-15 01:00:00,1.27283,1.27339,1.27406,1.27254
2004-02-16 01:00:00,1.27327,1.27599,1.27890,1.27150
2004-02-16 01:00:00,1.27610,1.27682,1.27724,1.27549
2004-02-17 01:00:00,1.27687,1.28568,1.28766,1.27583
2004-02-17 01:00:00,1.28564,1.28590,1.28654,1.28507
2004-02-18 01:00:00,1.28580,1.27256,1.29253,1.26587
2004-02-18 01:00:00,1.27259,1.27168,1.27308,1.27122
2004-02-19 01:00:00,1.27168,1.27502,1.27658,1.26527
2004-02-19 01:00:00,1.27541,1.27363,1.27589,1.27363
2004-02-20 01:00:00,1.27355,1.25345,1.27593,1.24942
2004-02-22 01:00:00,1.25263,1.25073,1.25309,1.25041
2004-02-22 01:00:00,1.25042,1.24732,1.25053,1.24550
2004-02-23 01:00:00,1.24732,1.25661,1.25942,1.24509
2004-02-23 01:00:00,1.25679,1.25496,1.25702,1.25471
2004-02-24 01:00:00,1.25480,1.26723,1.27120,1.25213
2004-02-24 01:00:00,1.26726,1.26765,1.26895,1.26702
2004-02-25 01:00:00,1.26759,1.24965,1.27050,1.24726
2004-02-25 01:00:00,1.24955,1.24993,1.25050,1.24869
2004-02-26 01:00:00,1.24997,1.24419,1.25144,1.23841
2004-02-26 01:00:00,1.24409,1.24423,1.24457,1.24320
2004-02-27 01:00:00,1.24428,1.24913,1.25063,1.23732
2004-02-29 01:00:00,1.24836,1.25307,1.25325,1.24738
2004-02-29 01:00:00,1.25316,1.25178,1.25349,1.25127
2004-03-01 01:00:00,1.25184,1.24441,1.25413,1.24228
2004-03-01 01:00:00,1.24448,1.24456,1.24478,1.24349
2004-03-02 01:00:00,1.24462,1.21986,1.24494,1.21944
2004-03-02 01:00:00,1.21986,1.22026,1.22060,1.21650
2004-03-03 01:00:00,1.22051,1.21884,1.22170,1.20556
2004-03-03 01:00:00,1.21893,1.21638,1.21898,1.21603
2004-03-04 01:00:00,1.21595,1.21994,1.22393,1.21350
2004-03-04 01:00:00,1.21994,1.21936,1.22037,1.21857
2004-03-05 01:00:00,1.21920,1.23657,1.24285,1.21750
2004-03-07 01:00:00,1.23873,1.23619,1.23894,1.23562
2004-03-07 01:00:00,1.23620,1.23569,1.23700,1.23513
2004-03-08 01:00:00,1.23577,1.24192,1.24250,1.23369
2004-03-08 01:00:00,1.24198,1.24168,1.24248,1.24083
2004-03-09 01:00:00,1.24165,1.23148,1.24588,1.22729
2004-03-09 01:00:00,1.23161,1.23138,1.23224,1.22956
2004-03-10 01:00:00,1.23135,1.22281,1.23296,1.21962
2004-03-10 01:00:00,1.22272,1.22133,1.22286,1.22108
2004-03-11 01:00:00,1.22100,1.23458,1.23841,1.21627
2004-03-11 01:00:00,1.23441,1.23336,1.23534,1.23310
2004-03-12 01:00:00,1.23329,1.22171,1.23372,1.21720
2004-03-14 01:00:00,1.21903,1.22109,1.22182,1.21829
2004-03-14 01:00:00,1.22104,1.22234,1.22364,1.22104
2004-03-15 01:00:00,1.22233,1.22655,1.23168,1.22040
2004-03-15 01:00:00,1.22661,1.22496,1.22665,1.22426
2004-03-16 01:00:00,1.22507,1.22555,1.23705,1.22309
2004-03-16 01:00:00,1.22558,1.22550,1.22616,1.22393
2004-03-17 01:00:00,1.22553,1.22225,1.22882,1.21742
2004-03-17 01:00:00,1.22226,1.22559,1.22597,1.22200
2004-03-18 01:00:00,1.22555,1.23829,1.24335,1.22363
2004-03-18 01:00:00,1.23841,1.23837,1.23943,1.23754
2004-03-19 01:00:00,1.23832,1.22855,1.24073,1.22550
2004-03-21 01:00:00,1.22770,1.22740,1.22802,1.22669
2004-03-21 01:00:00,1.22749,1.22574,1.22750,1.22529
2004-03-22 01:00:00,1.22577,1.23395,1.23998,1.22206
2004-03-22 01:00:00,1.23416,1.23239,1.23446,1.23217
2004-03-23 01:00:00,1.23211,1.23389,1.23693,1.22643
2004-03-23 01:00:00,1.23386,1.23611,1.23668,1.23377
2004-03-24 01:00:00,1.23602,1.21340,1.23621,1.21034
2004-03-24 01:00:00,1.21350,1.21210,1.21389,1.21157
2004-03-25 01:00:00,1.21229,1.21334,1.21997,1.20975
2004-03-25 01:00:00,1.21340,1.21411,1.21443,1.21291
2004-03-26 01:00:00,1.21401,1.21292,1.22093,1.20743
2004-03-28 01:00:00,1.21098,1.21156,1.21413,1.21043
2004-03-28 01:00:00,1.21157,1.20733,1.21173,1.20694
2004-03-29 02:00:00,1.20805,1.21568,1.21682,1.20578
2004-03-29 02:00:00,1.21559,1.21856,1.21982,1.21549
2004-03-30 02:00:00,1.21848,1.21784,1.22273,1.21607
2004-03-30 02:00:00,1.21786,1.22169,1.22248,1.21692
2004-03-31 02:00:00,1.22105,1.23026,1.23228,1.22022
2004-03-31 02:00:00,1.23010,1.22683,1.23055,1.22645
2004-04-01 02:00:00,1.22690,1.23536,1.23874,1.22550
2004-04-01 02:00:00,1.23543,1.23517,1.23612,1.23435
2004-04-02 02:00:00,1.23514,1.21331,1.23693,1.20982
2004-04-04 02:00:00,1.21146,1.21031,1.21197,1.20954
2004-04-04 02:00:00,1.21006,1.20934,1.21145,1.20873
2004-04-05 02:00:00,1.20941,1.20084,1.21273,1.19818
2004-04-05 02:00:00,1.20102,1.19961,1.20184,1.19920
2004-04-06 02:00:00,1.19983,1.21207,1.21434,1.19812
2004-04-06 02:00:00,1.21205,1.20825,1.21319,1.20716
2004-04-07 02:00:00,1.20837,1.21666,1.21976,1.20489
2004-04-07 02:00:00,1.21666,1.21789,1.21875,1.21624
2004-04-08 02:00:00,1.21782,1.20748,1.22186,1.20584
2004-04-08 02:00:00,1.20747,1.20865,1.20983,1.20698
2004-04-09 02:00:00,1.20814,1.20888,1.21114,1.20620
2004-04-11 02:00:00,1.20927,1.20693,1.20953,1.20680
2004-04-11 02:00:00,1.20742,1.20712,1.20903,1.20662
2004-04-12 02:00:00,1.20700,1.20741,1.20966,1.20505
2004-04-12 02:00:00,1.20746,1.20656,1.20819,1.20555
2004-04-13 02:00:00,1.20644,1.19250,1.20791,1.19031
2004-04-13 02:00:00,1.19264,1.19330,1.19400,1.19070
2004-04-14 02:00:00,1.19349,1.19393,1.19745,1.18691
2004-04-14 02:00:00,1.19423,1.19518,1.19673,1.19358
2004-04-15 02:00:00,1.19525,1.19737,1.19936,1.18925
2004-04-15 02:00:00,1.19748,1.19813,1.19898,1.19504
2004-04-16 02:00:00,1.19829,1.19916,1.20455,1.19225
2004-04-18 02:00:00,1.20059,1.20133,1.20277,1.20049
2004-04-18 02:00:00,1.20148,1.20214,1.20271,1.19996
2004-04-19 02:00:00,1.20229,1.20032,1.20766,1.19962
2004-04-19 02:00:00,1.20065,1.19700,1.20107,1.19675
2004-04-20 02:00:00,1.19727,1.18281,1.19735,1.18208
2004-04-20 02:00:00,1.18288,1.18309,1.18470,1.18216
2004-04-21 02:00:00,1.18315,1.17947,1.19121,1.17774
2004-04-21 02:00:00,1.17957,1.18366,1.18399,1.17932
2004-04-22 02:00:00,1.18376,1.19237,1.19416,1.17934
2004-04-22 02:00:00,1.19239,1.18908,1.19248,1.18888
2004-04-23 02:00:00,1.18902,1.18445,1.19272,1.17954
2004-04-25 02:00:00,1.18247,1.17903,1.18247,1.17817
2004-04-25 02:00:00,1.17924,1.17795,1.17986,1.17583
2004-04-26 02:00:00,1.17795,1.18616,1.18850,1.17686
2004-04-26 02:00:00,1.18618,1.18511,1.18634,1.18458
2004-04-27 02:00:00,1.18497,1.19248,1.19467,1.18316
2004-04-27 02:00:00,1.19228,1.19124,1.19328,1.19076
2004-04-28 02:00:00,1.19134,1.18242,1.19506,1.18216
2004-04-28 02:00:00,1.18273,1.18245,1.18308,1.18099
2004-04-29 02:00:00,1.18259,1.19548,1.19849,1.18042
2004-04-29 02:00:00,1.19563,1.19691,1.19718,1.19415
2004-04-30 02:00:00,1.19667,1.19800,1.20106,1.19195
2004-05-02 02:00:00,1.19840,1.19847,1.20020,1.19794
2004-05-02 02:00:00,1.19860,1.19658,1.19944,1.19622
2004-05-03 02:00:00,1.19629,1.19346,1.19858,1.19199
2004-05-03 02:00:00,1.19325,1.19455,1.19542,1.19294
2004-05-04 02:00:00,1.19485,1.21059,1.21183,1.19383
2004-05-04 02:00:00,1.21068,1.21349,1.21409,1.21007
2004-05-05 02:00:00,1.21341,1.21594,1.21796,1.21040
2004-05-05 02:00:00,1.21620,1.21401,1.21657,1.21371
2004-05-06 02:00:00,1.21410,1.20695,1.21744,1.20635
2004-05-06 02:00:00,1.20700,1.20598,1.20852,1.20575
2004-05-07 02:00:00,1.20615,1.18812,1.21333,1.18765
2004-05-09 02:00:00,1.18718,1.18612,1.18953,1.18591
2004-05-09 02:00:00,1.18635,1.18686,1.18795,1.18495
2004-05-10 02:00:00,1.18685,1.18641,1.18718,1.18117
2004-05-10 02:00:00,1.18674,1.18677,1.18755,1.18569
2004-05-11 02:00:00,1.18702,1.18762,1.18896,1.17885
2004-05-11 02:00:00,1.18768,1.18480,1.18858,1.18340
2004-05-12 02:00:00,1.18520,1.19102,1.19415,1.18444
2004-05-12 02:00:00,1.19097,1.19241,1.19313,1.19048
2004-05-13 02:00:00,1.19240,1.18025,1.19290,1.17718
2004-05-13 02:00:00,1.18039,1.18155,1.18236,1.17994
2004-05-14 02:00:00,1.18145,1.18855,1.19022,1.17819
2004-05-16 02:00:00,1.18902,1.18809,1.18968,1.18768
2004-05-16 02:00:00,1.18854,1.19270,1.19322,1.18795
2004-05-17 02:00:00,1.19248,1.20374,1.20589,1.19230
2004-05-17 02:00:00,1.20365,1.19764,1.20378,1.19756
2004-05-18 02:00:00,1.19749,1.19407,1.20260,1.19287
2004-05-18 02:00:00,1.19445,1.19541,1.19632,1.19393
2004-05-19 02:00:00,1.19528,1.20007,1.20419,1.19512
2004-05-19 02:00:00,1.20017,1.19898,1.20145,1.19898
2004-05-20 02:00:00,1.19913,1.19554,1.19948,1.18955
2004-05-20 02:00:00,1.19558,1.19671,1.19771,1.19544
2004-05-21 02:00:00,1.19692,1.19831,1.20694,1.19605
2004-05-23 02:00:00,1.19887,1.19907,1.20033,1.19798
2004-05-23 02:00:00,1.19915,1.19599,1.20007,1.19523
2004-05-24 02:00:00,1.19612,1.19936,1.20246,1.19338
2004-05-24 02:00:00,1.19940,1.20170,1.20202,1.19904
2004-05-25 02:00:00,1.20197,1.21087,1.21273,1.20090
2004-05-25 02:00:00,1.21098,1.21091,1.21173,1.21002
2004-05-26 02:00:00,1.21122,1.21002,1.21438,1.20828
2004-05-26 02:00:00,1.21016,1.21304,1.21363,1.20877
2004-05-27 02:00:00,1.21278,1.22705,1.22898,1.21217
2004-05-27 02:00:00,1.22730,1.22653,1.22814,1.22584
2004-05-28 02:00:00,1.22668,1.22148,1.22969,1.22013
2004-05-30 02:00:00,1.22374,1.22309,1.22540,1.22285
2004-05-30 02:00:00,1.22323,1.21880,1.22374,1.21878
2004-05-31 02:00:00,1.21897,1.21775,1.22329,1.21727
2004-05-31 02:00:00,1.21788,1.21776,1.21902,1.21553
2004-06-01 02:00:00,1.21791,1.22418,1.22667,1.21775
2004-06-01 02:00:00,1.22431,1.22425,1.22502,1.22363
2004-06-02 02:00:00,1.22447,1.22127,1.23044,1.22041
2004-06-02 02:00:00,1.22153,1.21884,1.22203,1.21853
2004-06-03 02:00:00,1.21898,1.22115,1.22506,1.21700
2004-06-03 02:00:00,1.22121,1.22139,1.22219,1.22032
2004-06-04 02:00:00,1.22159,1.22847,1.23007,1.21405
2004-06-06 02:00:00,1.22937,1.23263,1.23349,1.22755
2004-06-06 02:00:00,1.23285,1.23224,1.23360,1.23155
2004-06-07 02:00:00,1.23243,1.23117,1.23386,1.23002
2004-06-07 02:00:00,1.23146,1.22852,1.23190,1.22814
2004-06-08 02:00:00,1.22861,1.22664,1.23510,1.22444
2004-06-08 02:00:00,1.22682,1.22373,1.22720,1.22308
2004-06-09 02:00:00,1.22361,1.20319,1.22501,1.20234
2004-06-09 02:00:00,1.20340,1.20369,1.20566,1.20305
2004-06-10 02:00:00,1.20367,1.20878,1.21183,1.20280
2004-06-10 02:00:00,1.20871,1.20532,1.20894,1.20412
2004-06-11 02:00:00,1.20518,1.20068,1.20585,1.19644
2004-06-13 02:00:00,1.20030,1.19770,1.20030,1.19604
2004-06-13 02:00:00,1.19761,1.19702,1.19881,1.19526
2004-06-14 02:00:00,1.19693,1.20631,1.20880,1.19544
2004-06-14 02:00:00,1.20648,1.20797,1.21021,1.20480
2004-06-15 02:00:00,1.20778,1.21508,1.21708,1.20274
2004-06-15 02:00:00,1.21481,1.21475,1.21594,1.21403
2004-06-16 02:00:00,1.21523,1.20032,1.21697,1.19800
2004-06-16 02:00:00,1.20051,1.19927,1.20175,1.19924
2004-06-17 02:00:00,1.19947,1.20361,1.20783,1.19912
2004-06-17 02:00:00,1.20327,1.20224,1.20403,1.20183
2004-06-18 02:00:00,1.20220,1.21373,1.21482,1.19730
2004-06-20 02:00:00,1.21378,1.21299,1.21466,1.21297
2004-06-20 02:00:00,1.21321,1.21269,1.21454,1.21196
2004-06-21 02:00:00,1.21291,1.21182,1.21373,1.20772
2004-06-21 02:00:00,1.21168,1.21271,1.21289,1.21141
2004-06-22 02:00:00,1.21265,1.21072,1.21316,1.20662
2004-06-22 02:00:00,1.21066,1.21278,1.21335,1.21038
2004-06-23 02:00:00,1.21322,1.20803,1.21921,1.20637
2004-06-23 02:00:00,1.20766,1.20622,1.20812,1.20398
2004-06-24 02:00:00,1.20633,1.21687,1.21902,1.20468
2004-06-24 02:00:00,1.21701,1.21471,1.21744,1.21452
2004-06-25 02:00:00,1.21454,1.21750,1.21805,1.21074
2004-06-27 02:00:00,1.21800,1.21669,1.21830,1.21648
2004-06-27 02:00:00,1.21657,1.21558,1.21727,1.21484
2004-06-28 02:00:00,1.21560,1.21884,1.22283,1.21222
2004-06-28 02:00:00,1.21864,1.21746,1.21879,1.21650
2004-06-29 02:00:00,1.21740,1.20879,1.21869,1.20672
2004-06-29 02:00:00,1.20865,1.21042,1.21085,1.20728
2004-06-30 02:00:00,1.21038,1.22007,1.22088,1.20647
2004-06-30 02:00:00,1.22003,1.21790,1.22083,1.21735
2004-07-01 02:00:00,1.21797,1.21628,1.21892,1.21329
2004-07-01 02:00:00,1.21645,1.21564,1.21654,1.21445
2004-07-02 02:00:00,1.21570,1.23135,1.23281,1.21422
2004-07-04 02:00:00,1.23275,1.23264,1.23360,1.23104
2004-07-04 02:00:00,1.23295,1.23234,1.23318,1.23131
2004-07-05 02:00:00,1.23240,1.23043,1.23289,1.22672
2004-07-05 02:00:00,1.23043,1.22881,1.23076,1.22835
2004-07-06 02:00:00,1.22890,1.22966,1.23298,1.22650
2004-07-06 02:00:00,1.22950,1.22895,1.23060,1.22728
2004-07-07 02:00:00,1.22914,1.23759,1.23893,1.22863
2004-07-07 02:00:00,1.23758,1.23558,1.23833,1.23521
2004-07-08 02:00:00,1.23572,1.23903,1.24057,1.23393
2004-07-08 02:00:00,1.23893,1.24131,1.24212,1.23857
2004-07-09 02:00:00,1.24128,1.24134,1.24239,1.23689
2004-07-11 02:00:00,1.24130,1.24161,1.24190,1.24032
2004-07-11 02:00:00,1.24162,1.23895,1.24174,1.23811
2004-07-12 02:00:00,1.23848,1.23953,1.24360,1.23842
2004-07-12 02:00:00,1.23950,1.23756,1.23964,1.23673
2004-07-13 02:00:00,1.23754,1.23257,1.23858,1.22991
2004-07-13 02:00:00,1.23251,1.23445,1.23484,1.23187
2004-07-14 02:00:00,1.23453,1.23867,1.24221,1.23226
2004-07-14 02:00:00,1.23871,1.23756,1.23880,1.23709
2004-07-15 02:00:00,1.23761,1.23528,1.23842,1.23264
2004-07-15 02:00:00,1.23521,1.23608,1.23696,1.23283
2004-07-16 02:00:00,1.23612,1.24548,1.24590,1.23404
2004-07-18 02:00:00,1.24482,1.24531,1.24613,1.24390
2004-07-18 02:00:00,1.24525,1.24479,1.24616,1.24426
2004-07-19 02:00:00,1.24464,1.24281,1.24620,1.23985
2004-07-19 02:00:00,1.24272,1.24251,1.24360,1.24211
2004-07-20 02:00:00,1.24272,1.23194,1.24551,1.22995
2004-07-20 02:00:00,1.23187,1.23245,1.23298,1.23079
2004-07-21 02:00:00,1.23248,1.22582,1.23505,1.22105
2004-07-21 02:00:00,1.22572,1.22648,1.22720,1.22421
2004-07-22 02:00:00,1.22649,1.22576,1.22930,1.22296
2004-07-22 02:00:00,1.22556,1.22497,1.22677,1.22422
2004-07-23 02:00:00,1.22468,1.20927,1.22502,1.20871
2004-07-25 02:00:00,1.21002,1.21056,1.21167,1.20933
2004-07-25 02:00:00,1.21083,1.21256,1.21306,1.20871
2004-07-26 02:00:00,1.21285,1.21331,1.21705,1.21075
2004-07-26 02:00:00,1.21343,1.21463,1.21538,1.21250
2004-07-27 02:00:00,1.21502,1.20640,1.21902,1.20347
2004-07-27 02:00:00,1.20645,1.20599,1.20681,1.20511
2004-07-28 02:00:00,1.20588,1.20494,1.20795,1.19982
2004-07-28 02:00:00,1.20525,1.20628,1.20717,1.20494
2004-07-29 02:00:00,1.20615,1.20371,1.20947,1.19923
2004-07-29 02:00:00,1.20365,1.20377,1.20492,1.20258
2004-07-30 02:00:00,1.20361,1.20195,1.21200,1.20011
2004-08-01 02:00:00,1.20239,1.20575,1.20768,1.20237
2004-08-01 02:00:00,1.20579,1.20395,1.20610,1.20293
2004-08-02 02:00:00,1.20377,1.20210,1.20934,1.20145
2004-08-02 02:00:00,1.20223,1.20207,1.20411,1.20106
2004-08-03 02:00:00,1.20240,1.20532,1.20766,1.19957
2004-08-03 02:00:00,1.20563,1.20480,1.20612,1.20444
2004-08-04 02:00:00,1.20462,1.20569,1.20671,1.19709
2004-08-04 02:00:00,1.20562,1.20518,1.20593,1.20415
2004-08-05 02:00:00,1.20530,1.20564,1.20741,1.20207
2004-08-05 02:00:00,1.20541,1.20641,1.20687,1.20520
2004-08-06 02:00:00,1.20635,1.22814,1.22911,1.20442
2004-08-08 02:00:00,1.22875,1.22735,1.22895,1.22632
2004-08-08 02:00:00,1.22713,1.22732,1.22859,1.22633
2004-08-09 02:00:00,1.22734,1.22652,1.22901,1.22455
2004-08-09 02:00:00,1.22656,1.22747,1.22813,1.22611
2004-08-10 02:00:00,1.22757,1.22344,1.23191,1.22210
2004-08-10 02:00:00,1.22355,1.22306,1.22384,1.22287
2004-08-11 02:00:00,1.22335,1.22281,1.22511,1.21947
2004-08-11 02:00:00,1.22250,1.22320,1.22344,1.22233
2004-08-12 02:00:00,1.22310,1.22364,1.22958,1.22201
2004-08-12 02:00:00,1.22363,1.22343,1.22519,1.22278
2004-08-13 02:00:00,1.22357,1.23734,1.23764,1.21763
2004-08-15 02:00:00,1.23738,1.23717,1.23841,1.23686
2004-08-15 02:00:00,1.23733,1.23712,1.23791,1.23620
2004-08-16 02:00:00,1.23683,1.23565,1.23783,1.23166
2004-08-16 02:00:00,1.23570,1.23549,1.23632,1.23484
2004-08-17 02:00:00,1.23543,1.23495,1.23862,1.23111
2004-08-17 02:00:00,1.23498,1.23372,1.23511,1.23313
2004-08-18 02:00:00,1.23354,1.23386,1.23658,1.22865
2004-08-18 02:00:00,1.23363,1.23383,1.23497,1.23347
2004-08-19 02:00:00,1.23397,1.23634,1.23791,1.23315
2004-08-19 02:00:00,1.23655,1.23683,1.23738,1.23622
2004-08-20 02:00:00,1.23688,1.23183,1.23817,1.22801
2004-08-22 02:00:00,1.23158,1.23109,1.23241,1.22967
2004-08-22 02:00:00,1.23140,1.23000,1.23154,1.22892
2004-08-23 02:00:00,1.22961,1.21496,1.23066,1.21310
2004-08-23 02:00:00,1.21495,1.21414,1.21513,1.21352
2004-08-24 02:00:00,1.21426,1.20711,1.21669,1.20594
2004-08-24 02:00:00,1.20718,1.20645,1.20722,1.20519
2004-08-25 02:00:00,1.20638,1.20794,1.21160,1.20599
2004-08-25 02:00:00,1.20780,1.20797,1.20827,1.20648
2004-08-26 02:00:00,1.20758,1.21079,1.21167,1.20465
2004-08-26 02:00:00,1.21063,1.21117,1.21155,1.20993
2004-08-27 02:00:00,1.21103,1.20104,1.21349,1.20029
2004-08-29 02:00:00,1.20131,1.20096,1.20189,1.20019
2004-08-29 02:00:00,1.20087,1.20010,1.20113,1.19968
2004-08-30 02:00:00,1.20003,1.20468,1.20685,1.19860
2004-08-30 02:00:00,1.20455,1.20738,1.20757,1.20442
2004-08-31 02:00:00,1.20707,1.21778,1.21946,1.20663
2004-08-31 02:00:00,1.21754,1.21890,1.21922,1.21732
2004-09-01 02:00:00,1.21893,1.21889,1.22208,1.21466
2004-09-01 02:00:00,1.21899,1.21949,1.21986,1.21828
2004-09-02 02:00:00,1.21944,1.21666,1.21999,1.21408
2004-09-02 02:00:00,1.21663,1.21520,1.21707,1.21508
2004-09-03 02:00:00,1.21514,1.20588,1.21931,1.20414
2004-09-05 02:00:00,1.20628,1.20662,1.20701,1.20509
2004-09-05 02:00:00,1.20657,1.20541,1.20697,1.20488
2004-09-06 02:00:00,1.20510,1.20650,1.20802,1.20459
2004-09-06 02:00:00,1.20640,1.20577,1.20699,1.20536
2004-09-07 02:00:00,1.20571,1.20860,1.21142,1.20518
2004-09-07 02:00:00,1.20851,1.21027,1.21045,1.20808
2004-09-08 02:00:00,1.21027,1.21814,1.21929,1.20256
2004-09-08 02:00:00,1.21808,1.21834,1.21956,1.21779
2004-09-09 02:00:00,1.21843,1.22336,1.22491,1.21587
2004-09-09 02:00:00,1.22333,1.22294,1.22352,1.22193
2004-09-10 02:00:00,1.22304,1.22602,1.23084,1.21984
2004-09-12 02:00:00,1.22640,1.22834,1.22853,1.22591
2004-09-12 02:00:00,1.22829,1.22597,1.22875,1.22549
2004-09-13 02:00:00,1.22614,1.22653,1.22784,1.22225
2004-09-13 02:00:00,1.22665,1.22662,1.22701,1.22539
2004-09-14 02:00:00,1.22672,1.22491,1.22948,1.22249
2004-09-14 02:00:00,1.22493,1.22386,1.22547,1.22352
2004-09-15 02:00:00,1.22410,1.21473,1.22603,1.21337
2004-09-15 02:00:00,1.21471,1.21496,1.21574,1.21425
2004-09-16 02:00:00,1.21507,1.21845,1.21981,1.21200
2004-09-16 02:00:00,1.21846,1.21920,1.21978,1.21815
2004-09-17 02:00:00,1.21902,1.21876,1.22227,1.21573
2004-09-19 02:00:00,1.21819,1.21664,1.21847,1.21594
2004-09-19 02:00:00,1.21663,1.21553,1.21739,1.21534
2004-09-20 02:00:00,1.21555,1.21730,1.21796,1.21227
2004-09-20 02:00:00,1.21715,1.21746,1.21802,1.21675
2004-09-21 02:00:00,1.21728,1.23245,1.23465,1.21702
2004-09-21 02:00:00,1.23252,1.23277,1.23314,1.23134
2004-09-22 02:00:00,1.23268,1.22667,1.23312,1.22287
2004-09-22 02:00:00,1.22680,1.22630,1.22708,1.22603
2004-09-23 02:00:00,1.22642,1.22766,1.23330,1.22526
2004-09-23 02:00:00,1.22761,1.22611,1.22826,1.22546
2004-09-24 02:00:00,1.22625,1.22753,1.23610,1.22378
2004-09-26 02:00:00,1.22812,1.22761,1.22868,1.22662
2004-09-26 02:00:00,1.22741,1.22861,1.22907,1.22738
2004-09-27 02:00:00,1.22859,1.23009,1.23156,1.22465
2004-09-27 02:00:00,1.23002,1.22940,1.23082,1.22887
2004-09-28 02:00:00,1.22928,1.23138,1.23472,1.22778
2004-09-28 02:00:00,1.23134,1.23158,1.23214,1.23086
2004-09-29 02:00:00,1.23164,1.23281,1.23401,1.22884
2004-09-29 02:00:00,1.23293,1.23224,1.23386,1.23190
2004-09-30 02:00:00,1.23221,1.24271,1.24437,1.23141
2004-09-30 02:00:00,1.24249,1.24239,1.24343,1.24197
2004-10-01 02:00:00,1.24247,1.24165,1.24334,1.23837
2004-10-03 02:00:00,1.23949,1.23881,1.24007,1.23826
2004-10-03 02:00:00,1.23886,1.23624,1.23917,1.23620
2004-10-04 02:00:00,1.23589,1.22811,1.23798,1.22572
2004-10-04 02:00:00,1.22843,1.22756,1.22849,1.22622
2004-10-05 02:00:00,1.22765,1.23160,1.23298,1.22638
2004-10-05 02:00:00,1.23161,1.23135,1.23205,1.23072
2004-10-06 02:00:00,1.23160,1.22851,1.23229,1.22471
2004-10-06 02:00:00,1.22863,1.22819,1.22894,1.22707
2004-10-07 02:00:00,1.22789,1.22960,1.23144,1.22737
2004-10-07 02:00:00,1.22970,1.22896,1.22973,1.22827
2004-10-08 02:00:00,1.22871,1.24092,1.24331,1.22854
2004-10-10 02:00:00,1.24182,1.24087,1.24221,1.24032
2004-10-10 02:00:00,1.24101,1.24001,1.24171,1.23977
2004-10-11 02:00:00,1.23997,1.23746,1.24158,1.23683
2004-10-11 02:00:00,1.23720,1.23628,1.23742,1.23556
2004-10-12 02:00:00,1.23634,1.23165,1.23695,1.22872
2004-10-12 02:00:00,1.23160,1.23143,1.23189,1.23071
2004-10-13 02:00:00,1.23118,1.23402,1.23562,1.22267
2004-10-13 02:00:00,1.23406,1.23322,1.23452,1.23216
2004-10-14 02:00:00,1.23321,1.23860,1.24193,1.23302
2004-10-14 02:00:00,1.23820,1.23933,1.23994,1.23798
2004-10-15 02:00:00,1.23937,1.24685,1.25002,1.23813
2004-10-17 02:00:00,1.24783,1.24829,1.24863,1.24708
2004-10-17 02:00:00,1.24811,1.24750,1.24854,1.24714
2004-10-18 02:00:00,1.24757,1.24818,1.25338,1.24602
2004-10-18 02:00:00,1.24783,1.24615,1.24838,1.24542
2004-10-19 02:00:00,1.24635,1.25120,1.25264,1.24498
2004-10-19 02:00:00,1.25093,1.25049,1.25192,1.25017
2004-10-20 02:00:00,1.25052,1.25798,1.26284,1.24870
2004-10-20 02:00:00,1.25798,1.25898,1.25955,1.25772
2004-10-21 02:00:00,1.25903,1.26118,1.26496,1.25739
2004-10-21 02:00:00,1.26123,1.26245,1.26271,1.25989
2004-10-22 02:00:00,1.26215,1.26842,1.26865,1.26006
2004-10-24 02:00:00,1.26981,1.27376,1.27422,1.26981
2004-10-24 02:00:00,1.27356,1.27604,1.27915,1.27332
2004-10-25 02:00:00,1.27607,1.27855,1.28290,1.27502
2004-10-25 02:00:00,1.27862,1.28165,1.28214,1.27709
2004-10-26 02:00:00,1.28141,1.27497,1.28416,1.27254
2004-10-26 02:00:00,1.27478,1.27317,1.27558,1.27301
2004-10-27 02:00:00,1.27300,1.26930,1.28115,1.26923
2004-10-27 02:00:00,1.26943,1.27163,1.27231,1.26818
2004-10-28 02:00:00,1.27182,1.27457,1.27663,1.26415
2004-10-28 02:00:00,1.27452,1.27443,1.27575,1.27314
2004-10-29 02:00:00,1.27425,1.27972,1.27972,1.27092
2004-10-31 02:00:00,1.28013,1.28253,1.28313,1.27995
2004-10-31 02:00:00,1.28236,1.28069,1.28268,1.28062
2004-11-01 01:00:00,1.28075,1.27421,1.28092,1.27174
2004-11-01 01:00:00,1.27416,1.27352,1.27481,1.27316
2004-11-02 01:00:00,1.27346,1.27144,1.27480,1.26652
2004-11-02 01:00:00,1.27173,1.27227,1.27313,1.27069
2004-11-03 01:00:00,1.27291,1.28219,1.28304,1.26585
2004-11-03 01:00:00,1.28221,1.28194,1.28296,1.28143
2004-11-04 01:00:00,1.28190,1.28703,1.28966,1.27914
2004-11-04 01:00:00,1.28701,1.28806,1.28855,1.28641
2004-11-05 01:00:00,1.28817,1.29617,1.29722,1.27560
2004-11-07 01:00:00,1.29697,1.29616,1.29736,1.29562
2004-11-07 01:00:00,1.29617,1.29520,1.29644,1.29510
2004-11-08 01:00:00,1.29524,1.29086,1.29857,1.29041
2004-11-08 01:00:00,1.29045,1.29014,1.29132,1.29006
2004-11-09 01:00:00,1.29003,1.28959,1.29390,1.28852
2004-11-09 01:00:00,1.28937,1.28948,1.29001,1.28818
2004-11-10 01:00:00,1.28957,1.28813,1.30028,1.28508
2004-11-10 01:00:00,1.28820,1.28821,1.28895,1.28782
2004-11-11 01:00:00,1.28795,1.29052,1.29196,1.28589
2004-11-11 01:00:00,1.29056,1.29047,1.29140,1.29014
2004-11-12 01:00:00,1.29046,1.29738,1.29881,1.28761
2004-11-14 01:00:00,1.29719,1.29866,1.29897,1.29659
2004-11-14 01:00:00,1.29850,1.29718,1.29984,1.29717
2004-11-15 01:00:00,1.29765,1.29349,1.29933,1.29165
2004-11-15 01:00:00,1.29352,1.29271,1.29385,1.29218
2004-11-16 01:00:00,1.29265,1.29577,1.29930,1.29179
2004-11-16 01:00:00,1.29603,1.29534,1.29613,1.29497
2004-11-17 01:00:00,1.29518,1.30334,1.30462,1.29507
2004-11-17 01:00:00,1.30357,1.30288,1.30401,1.30265
2004-11-18 01:00:00,1.30280,1.29466,1.30732,1.29397
2004-11-18 01:00:00,1.29446,1.29439,1.29497,1.29385
2004-11-19 01:00:00,1.29435,1.30225,1.30672,1.29427
2004-11-21 01:00:00,1.30373,1.30213,1.30498,1.30189
2004-11-21 01:00:00,1.30209,1.30286,1.30306,1.30149
2004-11-22 01:00:00,1.30298,1.30366,1.30517,1.30133
2004-11-22 01:00:00,1.30373,1.30193,1.30403,1.30116
2004-11-23 01:00:00,1.30113,1.30983,1.31014,1.29768
2004-11-23 01:00:00,1.30973,1.30941,1.31014,1.30901
2004-11-24 01:00:00,1.30937,1.31734,1.31888,1.30829
2004-11-24 01:00:00,1.31759,1.31680,1.31776,1.31618
2004-11-25 01:00:00,1.31679,1.32546,1.32814,1.31625
2004-11-25 01:00:00,1.32567,1.32642,1.32689,1.32545
2004-11-26 01:00:00,1.32637,1.32952,1.33288,1.31858
2004-11-28 01:00:00,1.32679,1.32679,1.32870,1.32645
2004-11-28 01:00:00,1.32672,1.32623,1.32780,1.32614
2004-11-29 01:00:00,1.32640,1.32611,1.33038,1.32292
2004-11-29 01:00:00,1.32612,1.32571,1.32672,1.32544
2004-11-30 01:00:00,1.32532,1.32947,1.33311,1.32312
2004-11-30 01:00:00,1.32925,1.33137,1.33160,1.32923
2004-12-01 01:00:00,1.33130,1.33446,1.33559,1.32749
2004-12-01 01:00:00,1.33451,1.33564,1.33640,1.33429
2004-12-02 01:00:00,1.33564,1.32576,1.33816,1.32373
2004-12-02 01:00:00,1.32580,1.32622,1.32670,1.32513
2004-12-03 01:00:00,1.32645,1.34505,1.34604,1.32564
2004-12-05 01:00:00,1.34422,1.34468,1.34535,1.34354
2004-12-05 01:00:00,1.34449,1.34419,1.34493,1.34374
2004-12-06 01:00:00,1.34416,1.33942,1.34555,1.33872
2004-12-06 01:00:00,1.33928,1.34012,1.34066,1.33908
2004-12-07 01:00:00,1.34012,1.34274,1.34691,1.33923
2004-12-07 01:00:00,1.34284,1.34192,1.34305,1.34150
2004-12-08 01:00:00,1.34190,1.33439,1.34190,1.31944
2004-12-08 01:00:00,1.33442,1.33425,1.33596,1.33326
2004-12-09 01:00:00,1.33429,1.33018,1.33527,1.32513
2004-12-09 01:00:00,1.32990,1.32748,1.33017,1.32746
2004-12-10 01:00:00,1.32730,1.32240,1.32831,1.31404
2004-12-12 01:00:00,1.31928,1.32198,1.32295,1.31883
2004-12-12 01:00:00,1.32212,1.32421,1.32437,1.32151
2004-12-13 01:00:00,1.32422,1.33158,1.33259,1.32348
2004-12-13 01:00:00,1.33166,1.33113,1.33211,1.33057
2004-12-14 01:00:00,1.33115,1.33036,1.33314,1.32589
2004-12-14 01:00:00,1.33043,1.32900,1.33118,1.32717
2004-12-15 01:00:00,1.32885,1.34003,1.34430,1.32608
2004-12-15 01:00:00,1.34002,1.34036,1.34089,1.33950
2004-12-16 01:00:00,1.34033,1.32501,1.34280,1.31931
2004-12-16 01:00:00,1.32486,1.32505,1.32562,1.32437
2004-12-17 01:00:00,1.32527,1.33075,1.33160,1.32270
2004-12-19 01:00:00,1.33288,1.33098,1.33398,1.32984
2004-12-19 01:00:00,1.33117,1.33033,1.33134,1.32959
2004-12-20 01:00:00,1.33030,1.33885,1.34083,1.32977
2004-12-20 01:00:00,1.33890,1.33930,1.34004,1.33846
2004-12-21 01:00:00,1.33928,1.33647,1.34074,1.33379
2004-12-21 01:00:00,1.33650,1.33541,1.33686,1.33514
2004-12-22 01:00:00,1.33533,1.33876,1.34040,1.33421
2004-12-22 01:00:00,1.33888,1.33928,1.33962,1.33798
2004-12-23 01:00:00,1.33957,1.35079,1.35159,1.33815
2004-12-23 01:00:00,1.35061,1.34986,1.35128,1.34949
2004-12-24 01:00:00,1.34981,1.35316,1.35475,1.34834
2004-12-26 01:00:00,1.35290,1.35239,1.35342,1.35189
2004-12-26 01:00:00,1.35247,1.35198,1.35271,1.35189
2004-12-27 01:00:00,1.35196,1.36204,1.36384,1.35120
2004-12-27 01:00:00,1.36203,1.36061,1.36223,1.35937
2004-12-28 01:00:00,1.36053,1.35912,1.36429,1.35737
2004-12-28 01:00:00,1.35915,1.35721,1.35920,1.35694
2004-12-29 01:00:00,1.35721,1.36042,1.36468,1.35567
2004-12-29 01:00:00,1.36044,1.35908,1.36044,1.35851
2004-12-30 01:00:00,1.35869,1.36222,1.36653,1.35740
2004-12-30 01:00:00,1.36227,1.36149,1.36302,1.36073
2004-12-31 01:00:00,1.36158,1.35537,1.36593,1.35042
2005-01-02 01:00:00,1.35480,1.35771,1.35781,1.35462
2005-01-02 01:00:00,1.35788,1.35454,1.35797,1.35401
2005-01-03 01:00:00,1.35453,1.34634,1.35715,1.33871
2005-01-03 01:00:00,1.34665,1.34578,1.34701,1.34533
2005-01-04 01:00:00,1.34605,1.32788,1.34941,1.32509
2005-01-04 01:00:00,1.32804,1.32746,1.32901,1.32681
2005-01-05 01:00:00,1.32726,1.32741,1.33016,1.32160
2005-01-05 01:00:00,1.32773,1.32550,1.32781,1.32540
2005-01-06 01:00:00,1.32547,1.31792,1.32767,1.31551
2005-01-06 01:00:00,1.31796,1.31691,1.31821,1.31671
2005-01-07 01:00:00,1.31682,1.30515,1.32489,1.30244
2005-01-09 01:00:00,1.30589,1.30716,1.30740,1.30486
2005-01-09 01:00:00,1.30735,1.30700,1.30767,1.30581
2005-01-10 01:00:00,1.30705,1.31057,1.31209,1.30567
2005-01-10 01:00:00,1.31072,1.31175,1.31252,1.30990
2005-01-11 01:00:00,1.31191,1.31135,1.31710,1.30988
2005-01-11 01:00:00,1.31141,1.31045,1.31155,1.31027
2005-01-12 01:00:00,1.31043,1.32562,1.32925,1.30826
2005-01-12 01:00:00,1.32563,1.32567,1.32644,1.32525
2005-01-13 01:00:00,1.32582,1.32073,1.32653,1.31932
2005-01-13 01:00:00,1.32081,1.32063,1.32092,1.31991
2005-01-14 01:00:00,1.32050,1.31104,1.32082,1.30566
2005-01-16 01:00:00,1.31015,1.30959,1.31155,1.30956
2005-01-16 01:00:00,1.30969,1.31022,1.31043,1.30927
2005-01-17 01:00:00,1.31023,1.30459,1.31270,1.30342
2005-01-17 01:00:00,1.30480,1.30307,1.30564,1.30302
2005-01-18 01:00:00,1.30310,1.30135,1.30731,1.29948
2005-01-18 01:00:00,1.30140,1.30185,1.30261,1.30100
2005-01-19 01:00:00,1.30183,1.29983,1.31170,1.29639
2005-01-19 01:00:00,1.30000,1.30065,1.30145,1.29977
2005-01-20 01:00:00,1.30081,1.29606,1.30227,1.29253
2005-01-20 01:00:00,1.29598,1.29510,1.29605,1.29392
2005-01-21 01:00:00,1.29509,1.30388,1.30664,1.29217
2005-01-23 01:00:00,1.30392,1.30381,1.30488,1.30356
2005-01-23 01:00:00,1.30390,1.30458,1.30467,1.30321
2005-01-24 01:00:00,1.30442,1.30357,1.30982,1.30279
2005-01-24 01:00:00,1.30380,1.30346,1.30400,1.30306
2005-01-25 01:00:00,1.30348,1.29674,1.30751,1.29452
2005-01-25 01:00:00,1.29675,1.29799,1.29843,1.29648
2005-01-26 01:00:00,1.29820,1.30744,1.31069,1.29685
2005-01-26 01:00:00,1.30753,1.30606,1.30779,1.30601
2005-01-27 01:00:00,1.30610,1.30369,1.31220,1.30104
2005-01-27 01:00:00,1.30386,1.30284,1.30420,1.30229
2005-01-28 01:00:00,1.30283,1.30360,1.30790,1.29848
2005-01-30 01:00:00,1.30305,1.30195,1.30363,1.30059
2005-01-30 01:00:00,1.30205,1.30319,1.30335,1.30185
2005-01-31 01:00:00,1.30314,1.30473,1.30582,1.29761
2005-01-31 01:00:00,1.30474,1.30501,1.30569,1.30455
2005-02-01 01:00:00,1.30503,1.30384,1.30641,1.29972
2005-02-01 01:00:00,1.30457,1.30615,1.30679,1.30400
2005-02-02 01:00:00,1.30615,1.30301,1.30926,1.30043
2005-02-02 01:00:00,1.30289,1.30207,1.30364,1.30182
2005-02-03 01:00:00,1.30223,1.29678,1.30363,1.29410
2005-02-03 01:00:00,1.29671,1.29667,1.29751,1.29650
2005-02-04 01:00:00,1.29637,1.28690,1.30377,1.28460
2005-02-06 01:00:00,1.28585,1.28514,1.28626,1.28491
2005-02-06 01:00:00,1.28524,1.28293,1.28568,1.28274
2005-02-07 01:00:00,1.28295,1.27602,1.28638,1.27319
2005-02-07 01:00:00,1.27593,1.27600,1.27692,1.27562
2005-02-08 01:00:00,1.27610,1.27689,1.27970,1.27318
2005-02-08 01:00:00,1.27681,1.27663,1.27750,1.27598
2005-02-09 01:00:00,1.27664,1.28099,1.28139,1.27333
2005-02-09 01:00:00,1.28086,1.28048,1.28155,1.27997
2005-02-10 01:00:00,1.28058,1.28731,1.29043,1.27374
2005-02-10 01:00:00,1.28740,1.28676,1.28789,1.28633
2005-02-11 01:00:00,1.28640,1.28646,1.28952,1.28439
2005-02-13 01:00:00,1.28761,1.28836,1.28870,1.28739
2005-02-13 01:00:00,1.28806,1.28909,1.28909,1.28787
2005-02-14 01:00:00,1.28920,1.29668,1.29895,1.28897
2005-02-14 01:00:00,1.29688,1.29672,1.29729,1.29617
2005-02-15 01:00:00,1.29664,1.30114,1.30492,1.29442
2005-02-15 01:00:00,1.30121,1.30062,1.30158,1.30050
2005-02-16 01:00:00,1.30070,1.30204,1.30628,1.29583
2005-02-16 01:00:00,1.30223,1.30362,1.30407,1.30205
2005-02-17 01:00:00,1.30375,1.30715,1.30890,1.30138
2005-02-17 01:00:00,1.30716,1.30659,1.30762,1.30642
2005-02-18 01:00:00,1.30633,1.30725,1.30825,1.30142
2005-02-20 01:00:00,1.30435,1.30669,1.30695,1.30415
2005-02-20 01:00:00,1.30674,1.30625,1.30738,1.30582
2005-02-21 01:00:00,1.30623,1.30615,1.30774,1.30317
2005-02-21 01:00:00,1.30624,1.30586,1.30635,1.30553
2005-02-22 01:00:00,1.30581,1.32579,1.32685,1.30520
2005-02-22 01:00:00,1.32561,1.32468,1.32680,1.32430
2005-02-23 01:00:00,1.32476,1.32002,1.32741,1.31854
2005-02-23 01:00:00,1.32003,1.32127,1.32151,1.31931
2005-02-24 01:00:00,1.32133,1.31783,1.32690,1.31529
2005-02-24 01:00:00,1.31803,1.32036,1.32041,1.31797
2005-02-25 01:00:00,1.32029,1.32449,1.32481,1.31457
2005-02-27 01:00:00,1.32405,1.32487,1.32503,1.32290
2005-02-27 01:00:00,1.32485,1.32623,1.32680,1.32480
2005-02-28 01:00:00,1.32633,1.32156,1.32792,1.32070
2005-02-28 01:00:00,1.32143,1.32211,1.32228,1.32088
2005-03-01 01:00:00,1.32219,1.31691,1.32250,1.31635
2005-03-01 01:00:00,1.31703,1.31575,1.31780,1.31574
2005-03-02 01:00:00,1.31568,1.31339,1.31749,1.30884
2005-03-02 01:00:00,1.31351,1.31298,1.31442,1.31263
2005-03-03 01:00:00,1.31311,1.31018,1.31643,1.30963
2005-03-03 01:00:00,1.31015,1.31100,1.31121,1.30993
2005-03-04 01:00:00,1.31110,1.32361,1.32540,1.30894
2005-03-06 01:00:00,1.32377,1.32340,1.32444,1.32317
2005-03-06 01:00:00,1.32350,1.32348,1.32444,1.32282
2005-03-07 01:00:00,1.32355,1.32170,1.32480,1.31778
2005-03-07 01:00:00,1.32183,1.32123,1.32200,1.32064
2005-03-08 01:00:00,1.32104,1.33446,1.33614,1.32092
2005-03-08 01:00:00,1.33460,1.33460,1.33553,1.33398
2005-03-09 01:00:00,1.33424,1.33742,1.34227,1.33307
2005-03-09 01:00:00,1.33726,1.33859,1.33859,1.33685
2005-03-10 01:00:00,1.33845,1.34371,1.34531,1.33808
2005-03-10 01:00:00,1.34372,1.34255,1.34384,1.34143
2005-03-11 01:00:00,1.34272,1.34562,1.34777,1.33974
2005-03-13 01:00:00,1.34588,1.34695,1.34749,1.34575
2005-03-13 01:00:00,1.34730,1.34621,1.34773,1.34560
2005-03-14 01:00:00,1.34611,1.33625,1.34636,1.33355
2005-03-14 01:00:00,1.33587,1.33527,1.33693,1.33350
2005-03-15 01:00:00,1.33546,1.33083,1.34089,1.32917
2005-03-15 01:00:00,1.33076,1.33107,1.33152,1.33004
2005-03-16 01:00:00,1.33059,1.34078,1.34387,1.32907
2005-03-16 01:00:00,1.34083,1.34036,1.34114,1.34014
2005-03-17 01:00:00,1.34047,1.33779,1.34190,1.33279
2005-03-17 01:00:00,1.33769,1.33843,1.33851,1.33669
2005-03-18 01:00:00,1.33840,1.33242,1.33840,1.32593
2005-03-20 01:00:00,1.33112,1.33142,1.33151,1.33045
2005-03-20 01:00:00,1.33173,1.33046,1.33178,1.33009
2005-03-21 01:00:00,1.33043,1.31581,1.33055,1.31405
2005-03-21 01:00:00,1.31569,1.31628,1.31661,1.31543
2005-03-22 01:00:00,1.31630,1.30730,1.32223,1.30332
2005-03-22 01:00:00,1.30730,1.30807,1.30812,1.30711
2005-03-23 01:00:00,1.30800,1.29885,1.30853,1.29570
2005-03-23 01:00:00,1.29861,1.29720,1.29906,1.29674
2005-03-24 01:00:00,1.29708,1.29279,1.30310,1.29258
2005-03-24 01:00:00,1.29273,1.29301,1.29367,1.29249
2005-03-25 01:00:00,1.29295,1.29562,1.29687,1.29279
2005-03-27 01:00:00,1.29601,1.29519,1.29632,1.29422
2005-03-27 01:00:00,1.29524,1.28928,1.29566,1.28898
2005-03-28 02:00:00,1.28936,1.28837,1.29332,1.28554
2005-03-28 02:00:00,1.28833,1.29210,1.29283,1.28790
2005-03-29 02:00:00,1.29198,1.29343,1.29551,1.28965
2005-03-29 02:00:00,1.29337,1.29338,1.29400,1.29186
2005-03-30 02:00:00,1.29375,1.29220,1.29845,1.29085
2005-03-30 02:00:00,1.29221,1.29159,1.29363,1.29125
2005-03-31 02:00:00,1.29163,1.29634,1.30199,1.29105
2005-03-31 02:00:00,1.29633,1.29540,1.29652,1.29475
2005-04-01 02:00:00,1.29536,1.29106,1.30455,1.28712
2005-04-03 02:00:00,1.29091,1.28822,1.29091,1.28762
2005-04-03 02:00:00,1.28825,1.28935,1.29004,1.28810
2005-04-04 02:00:00,1.28946,1.28469,1.29037,1.28180
2005-04-04 02:00:00,1.28436,1.28260,1.28522,1.28241
2005-04-05 02:00:00,1.28266,1.28460,1.28761,1.27991
2005-04-05 02:00:00,1.28459,1.28571,1.28657,1.28370
2005-04-06 02:00:00,1.28588,1.28700,1.29066,1.28407
2005-04-06 02:00:00,1.28721,1.28758,1.28788,1.28604
2005-04-07 02:00:00,1.28778,1.28315,1.29375,1.28315
2005-04-07 02:00:00,1.28316,1.28201,1.28334,1.28083
2005-04-08 02:00:00,1.28208,1.29330,1.29337,1.28071
2005-04-10 02:00:00,1.29308,1.29249,1.29333,1.29066
2005-04-10 02:00:00,1.29206,1.29118,1.29250,1.29040
2005-04-11 02:00:00,1.29103,1.29769,1.30024,1.29094
2005-04-11 02:00:00,1.29737,1.29815,1.29854,1.29672
2005-04-12 02:00:00,1.29816,1.29021,1.30061,1.28506
2005-04-12 02:00:00,1.29037,1.29018,1.29199,1.28935
2005-04-13 02:00:00,1.29009,1.29067,1.29535,1.28508
2005-04-13 02:00:00,1.29053,1.28854,1.29086,1.28833
2005-04-14 02:00:00,1.28882,1.28104,1.28924,1.27687
2005-04-14 02:00:00,1.28120,1.28067,1.28179,1.28040
2005-04-15 02:00:00,1.28077,1.29236,1.29398,1.27773
2005-04-17 02:00:00,1.29156,1.29142,1.29229,1.28886
2005-04-17 02:00:00,1.29110,1.28884,1.29169,1.28745
2005-04-18 02:00:00,1.28839,1.30119,1.30427,1.28781
2005-04-18 02:00:00,1.30101,1.30250,1.30336,1.30074
2005-04-19 02:00:00,1.30257,1.30604,1.30771,1.29817
2005-04-19 02:00:00,1.30615,1.30743,1.30816,1.30584
2005-04-20 02:00:00,1.30740,1.31011,1.31052,1.29917
2005-04-20 02:00:00,1.30995,1.31067,1.31094,1.30915
2005-04-21 02:00:00,1.31052,1.30371,1.31216,1.30248
2005-04-21 02:00:00,1.30361,1.30333,1.30419,1.30205
2005-04-22 02:00:00,1.30340,1.30638,1.30921,1.30275
2005-04-24 02:00:00,1.30672,1.30445,1.30699,1.30333
2005-04-24 02:00:00,1.30429,1.30092,1.30461,1.30006
2005-04-25 02:00:00,1.30095,1.29857,1.30424,1.29555
2005-04-25 02:00:00,1.29854,1.29888,1.30001,1.29823
2005-04-26 02:00:00,1.29898,1.29745,1.30140,1.29467
2005-04-26 02:00:00,1.29749,1.29713,1.29789,1.29644
2005-04-27 02:00:00,1.29713,1.29250,1.29871,1.29047
2005-04-27 02:00:00,1.29253,1.29335,1.29354,1.29169
2005-04-28 02:00:00,1.29333,1.29025,1.29403,1.28807
2005-04-28 02:00:00,1.29020,1.29140,1.29195,1.29015
2005-04-29 02:00:00,1.29136,1.28715,1.29788,1.28522
2005-05-01 02:00:00,1.28698,1.28490,1.28698,1.28486
2005-05-01 02:00:00,1.28509,1.28413,1.28524,1.28377
2005-05-02 02:00:00,1.28416,1.28546,1.28743,1.28369
2005-05-02 02:00:00,1.28528,1.28331,1.28574,1.28313
2005-05-03 02:00:00,1.28340,1.28769,1.29126,1.28277
2005-05-03 02:00:00,1.28771,1.29594,1.29612,1.28741
2005-05-04 02:00:00,1.29616,1.29429,1.29723,1.29172
2005-05-04 02:00:00,1.29426,1.29323,1.29464,1.29297
2005-05-05 02:00:00,1.29335,1.29462,1.29890,1.29248
2005-05-05 02:00:00,1.29445,1.29377,1.29486,1.29331
2005-05-06 02:00:00,1.29377,1.28188,1.29631,1.28098
2005-05-08 02:00:00,1.28244,1.28139,1.28303,1.28111
2005-05-08 02:00:00,1.28148,1.28066,1.28278,1.27992
2005-05-09 02:00:00,1.28063,1.28453,1.28757,1.27896
2005-05-09 02:00:00,1.28460,1.28420,1.28464,1.28331
2005-05-10 02:00:00,1.28408,1.28754,1.28884,1.28152
2005-05-10 02:00:00,1.28754,1.28876,1.28884,1.28719
2005-05-11 02:00:00,1.28872,1.28017,1.29108,1.27776
2005-05-11 02:00:00,1.28031,1.27898,1.28040,1.27826
2005-05-12 02:00:00,1.27910,1.26797,1.28073,1.26646
2005-05-12 02:00:00,1.26805,1.26825,1.26856,1.26719
2005-05-13 02:00:00,1.26822,1.26302,1.26881,1.26096
2005-05-15 02:00:00,1.26252,1.26045,1.26290,1.25827
2005-05-15 02:00:00,1.26032,1.26042,1.26105,1.25936
2005-05-16 02:00:00,1.26010,1.26259,1.26488,1.25613
2005-05-16 02:00:00,1.26246,1.26123,1.26264,1.26037
2005-05-17 02:00:00,1.26127,1.25913,1.26629,1.25886
2005-05-17 02:00:00,1.25883,1.26072,1.26095,1.25854
2005-05-18 02:00:00,1.26086,1.26696,1.26893,1.25968
2005-05-18 02:00:00,1.26681,1.26775,1.26898,1.26666
2005-05-19 02:00:00,1.26738,1.26316,1.26891,1.26051
2005-05-19 02:00:00,1.26316,1.26428,1.26430,1.26276
2005-05-20 02:00:00,1.26398,1.25579,1.26532,1.25283
2005-05-22 02:00:00,1.25464,1.25485,1.25530,1.25387
2005-05-22 02:00:00,1.25506,1.25610,1.25633,1.25498
2005-05-23 02:00:00,1.25625,1.25730,1.25968,1.25351
2005-05-23 02:00:00,1.25732,1.25573,1.25780,1.25527
2005-05-24 02:00:00,1.25570,1.25599,1.26282,1.25547
2005-05-24 02:00:00,1.25596,1.25834,1.25861,1.25559
2005-05-25 02:00:00,1.25847,1.26029,1.26189,1.25494
2005-05-25 02:00:00,1.26051,1.25978,1.26131,1.25943
2005-05-26 02:00:00,1.25972,1.25086,1.26031,1.24926
2005-05-26 02:00:00,1.25091,1.25155,1.25195,1.25067
2005-05-27 02:00:00,1.25178,1.25832,1.25888,1.25089
2005-05-29 02:00:00,1.25788,1.25147,1.25820,1.25104
2005-05-29 02:00:00,1.25138,1.25398,1.25454,1.25076
2005-05-30 02:00:00,1.25375,1.24810,1.25424,1.24576
2005-05-30 02:00:00,1.24776,1.23920,1.24805,1.23707
2005-05-31 02:00:00,1.23900,1.23008,1.24113,1.22902
2005-05-31 02:00:00,1.22997,1.23232,1.23310,1.22937
2005-06-01 02:00:00,1.23235,1.21962,1.23398,1.21591
2005-06-01 02:00:00,1.21974,1.22273,1.22328,1.21943
2005-06-02 02:00:00,1.22240,1.22707,1.22947,1.21799
2005-06-02 02:00:00,1.22713,1.22878,1.22961,1.22651
2005-06-03 02:00:00,1.22888,1.22332,1.23334,1.22003
2005-06-05 02:00:00,1.22288,1.22212,1.22315,1.22148
2005-06-05 02:00:00,1.22190,1.22458,1.22498,1.22190
2005-06-06 02:00:00,1.22430,1.22625,1.22936,1.22308
2005-06-06 02:00:00,1.22608,1.22460,1.22673,1.22361
2005-06-07 02:00:00,1.22472,1.22828,1.23138,1.22410
2005-06-07 02:00:00,1.22814,1.22989,1.23096,1.22770
2005-06-08 02:00:00,1.22995,1.22374,1.23524,1.22065
2005-06-08 02:00:00,1.22398,1.22417,1.22472,1.22283
2005-06-09 02:00:00,1.22425,1.22299,1.22562,1.21781
2005-06-09 02:00:00,1.22253,1.22324,1.22478,1.22239
2005-06-10 02:00:00,1.22309,1.21153,1.22442,1.21048
2005-06-12 02:00:00,1.21111,1.21146,1.21176,1.21033
2005-06-12 02:00:00,1.21137,1.20840,1.21199,1.20652
2005-06-13 02:00:00,1.20843,1.21043,1.21182,1.20277
2005-06-13 02:00:00,1.21038,1.21336,1.21490,1.21018
2005-06-14 02:00:00,1.21317,1.20287,1.21518,1.20134
2005-06-14 02:00:00,1.20286,1.20407,1.20468,1.20272
2005-06-15 02:00:00,1.20418,1.21100,1.21313,1.20268
2005-06-15 02:00:00,1.21116,1.20921,1.21117,1.20874
2005-06-16 02:00:00,1.20935,1.21054,1.21668,1.20569
2005-06-16 02:00:00,1.21053,1.21187,1.21191,1.20885
2005-06-17 02:00:00,1.21181,1.22831,1.22898,1.20884
2005-06-19 02:00:00,1.22447,1.22092,1.22575,1.21799
2005-06-19 02:00:00,1.22088,1.22270,1.22658,1.22043
2005-06-20 02:00:00,1.22244,1.21282,1.22386,1.21231
2005-06-20 02:00:00,1.21314,1.21363,1.21512,1.21241
2005-06-21 02:00:00,1.21390,1.21866,1.22050,1.20696
2005-06-21 02:00:00,1.21860,1.21643,1.21880,1.21573
2005-06-22 02:00:00,1.21634,1.21291,1.21970,1.20985
2005-06-22 02:00:00,1.21288,1.21317,1.21427,1.21234
2005-06-23 02:00:00,1.21284,1.20223,1.21372,1.20160
2005-06-23 02:00:00,1.20218,1.20282,1.20313,1.20172
2005-06-24 02:00:00,1.20295,1.20923,1.21073,1.19871
2005-06-26 02:00:00,1.20880,1.21253,1.21367,1.20850
2005-06-26 02:00:00,1.21252,1.21267,1.21333,1.21183
2005-06-27 02:00:00,1.21218,1.21657,1.21841,1.21186
2005-06-27 02:00:00,1.21655,1.21661,1.21738,1.21579
2005-06-28 02:00:00,1.21687,1.20697,1.21720,1.20464
2005-06-28 02:00:00,1.20658,1.20524,1.20786,1.20493
2005-06-29 02:00:00,1.20555,1.20921,1.21110,1.20158
2005-06-29 02:00:00,1.20915,1.20774,1.20946,1.20694
2005-06-30 02:00:00,1.20800,1.20863,1.21194,1.20434
2005-06-30 02:00:00,1.20854,1.20900,1.20987,1.20770
2005-07-01 02:00:00,1.20894,1.19556,1.21039,1.19366
2005-07-03 02:00:00,1.19532,1.19319,1.19532,1.19060
2005-07-03 02:00:00,1.19335,1.19251,1.19459,1.19215
2005-07-04 02:00:00,1.19248,1.19098,1.19489,1.18849
2005-07-04 02:00:00,1.19080,1.19146,1.19179,1.19005
2005-07-05 02:00:00,1.19157,1.19202,1.19392,1.18674
2005-07-05 02:00:00,1.19243,1.19220,1.19284,1.19124
2005-07-06 02:00:00,1.19232,1.19265,1.19502,1.18899
2005-07-06 02:00:00,1.19263,1.19258,1.19336,1.19160
2005-07-07 02:00:00,1.19250,1.19318,1.20393,1.19058
2005-07-07 02:00:00,1.19357,1.19274,1.19402,1.19192
2005-07-08 02:00:00,1.19288,1.19645,1.19843,1.18753
2005-07-10 02:00:00,1.19703,1.19675,1.19753,1.19540
2005-07-10 02:00:00,1.19667,1.19741,1.19766,1.19561
2005-07-11 02:00:00,1.19760,1.20561,1.20851,1.19719
2005-07-11 02:00:00,1.20532,1.21067,1.21104,1.20500
2005-07-12 02:00:00,1.21053,1.22161,1.22563,1.21006
2005-07-12 02:00:00,1.22170,1.22099,1.22185,1.22008
2005-07-13 02:00:00,1.22092,1.20759,1.22220,1.20625
2005-07-13 02:00:00,1.20786,1.20615,1.20796,1.20571
2005-07-14 02:00:00,1.20607,1.20947,1.21246,1.20538
2005-07-14 02:00:00,1.20960,1.20900,1.21128,1.20837
2005-07-15 02:00:00,1.20913,1.20322,1.21364,1.20219
2005-07-17 02:00:00,1.20280,1.20435,1.20435,1.20171
2005-07-17 02:00:00,1.20429,1.20452,1.20544,1.20379
2005-07-18 02:00:00,1.20440,1.20596,1.20885,1.20371
2005-07-18 02:00:00,1.20603,1.20520,1.20623,1.20408
2005-07-19 02:00:00,1.20494,1.20288,1.20598,1.19531
2005-07-19 02:00:00,1.20264,1.20817,1.20961,1.20259
2005-07-20 02:00:00,1.20828,1.21405,1.21866,1.20184
2005-07-20 02:00:00,1.21411,1.21800,1.21989,1.21391
2005-07-21 02:00:00,1.21804,1.21570,1.22478,1.20995
2005-07-21 02:00:00,1.21545,1.21714,1.21722,1.21393
2005-07-22 02:00:00,1.21725,1.20632,1.21892,1.20501
2005-07-24 02:00:00,1.20637,1.20592,1.20637,1.20343
2005-07-24 02:00:00,1.20565,1.20495,1.20591,1.20410
2005-07-25 02:00:00,1.20506,1.20428,1.20869,1.20260
2005-07-25 02:00:00,1.20471,1.20300,1.20476,1.20281
2005-07-26 02:00:00,1.20322,1.20178,1.20628,1.19791
2005-07-26 02:00:00,1.20149,1.20177,1.20267,1.20100
2005-07-27 02:00:00,1.20220,1.20666,1.20837,1.19649
2005-07-27 02:00:00,1.20690,1.20628,1.20838,1.20600
2005-07-28 02:00:00,1.20627,1.21268,1.21490,1.20348
2005-07-28 02:00:00,1.21258,1.21318,1.21410,1.21213
2005-07-29 02:00:00,1.21328,1.21190,1.21590,1.20739
2005-07-31 02:00:00,1.21219,1.21229,1.21273,1.21157
2005-07-31 02:00:00,1.21212,1.21521,1.21530,1.21207
2005-08-01 02:00:00,1.21521,1.21908,1.22463,1.21474
2005-08-01 02:00:00,1.21901,1.22179,1.22228,1.21830
2005-08-02 02:00:00,1.22175,1.21928,1.22490,1.21817
2005-08-02 02:00:00,1.21940,1.21520,1.21943,1.21465
2005-08-03 02:00:00,1.21526,1.23296,1.23436,1.21486
2005-08-03 02:00:00,1.23299,1.23441,1.23807,1.23171
2005-08-04 02:00:00,1.23455,1.23860,1.24015,1.22998
2005-08-04 02:00:00,1.23844,1.23768,1.23942,1.23655
2005-08-05 02:00:00,1.23769,1.23553,1.23946,1.23082
2005-08-07 02:00:00,1.23660,1.23293,1.23660,1.23212
2005-08-07 02:00:00,1.23315,1.23314,1.23467,1.23251
2005-08-08 02:00:00,1.23335,1.23604,1.23895,1.23125
2005-08-08 02:00:00,1.23607,1.23928,1.23993,1.23562
2005-08-09 02:00:00,1.23910,1.23562,1.24134,1.23273
2005-08-09 02:00:00,1.23566,1.23592,1.23685,1.23393
2005-08-10 02:00:00,1.23577,1.23828,1.24247,1.23339
2005-08-10 02:00:00,1.23820,1.24031,1.24107,1.23738
2005-08-11 02:00:00,1.24045,1.24581,1.24780,1.23868
2005-08-11 02:00:00,1.24561,1.24675,1.24678,1.24483
2005-08-12 02:00:00,1.24685,1.24372,1.24860,1.23847
2005-08-14 02:00:00,1.24404,1.24517,1.24650,1.24392
2005-08-14 02:00:00,1.24544,1.24131,1.24544,1.24051
2005-08-15 02:00:00,1.24103,1.23492,1.24208,1.23436
2005-08-15 02:00:00,1.23477,1.23298,1.23528,1.23247
2005-08-16 02:00:00,1.23318,1.23569,1.23724,1.22970
2005-08-16 02:00:00,1.23582,1.23424,1.23681,1.23355
2005-08-17 02:00:00,1.23432,1.22614,1.23485,1.22552
2005-08-17 02:00:00,1.22621,1.22701,1.22776,1.22557
2005-08-18 02:00:00,1.22703,1.21830,1.22939,1.21538
2005-08-18 02:00:00,1.21837,1.21720,1.21921,1.21653
2005-08-19 02:00:00,1.21693,1.21485,1.21932,1.21259
2005-08-21 02:00:00,1.21618,1.21617,1.21685,1.21531
2005-08-21 02:00:00,1.21623,1.21710,1.21762,1.21581
2005-08-22 02:00:00,1.21753,1.22291,1.22435,1.21641
2005-08-22 02:00:00,1.22296,1.22023,1.22296,1.21996
2005-08-23 02:00:00,1.22007,1.22202,1.22540,1.21881
2005-08-23 02:00:00,1.22206,1.21986,1.22219,1.21914
2005-08-24 02:00:00,1.21967,1.22577,1.22801,1.21590
2005-08-24 02:00:00,1.22576,1.22898,1.22929,1.22563
2005-08-25 02:00:00,1.22891,1.22820,1.23262,1.22643
2005-08-25 02:00:00,1.22828,1.22948,1.22995,1.22803
2005-08-26 02:00:00,1.22960,1.22907,1.23400,1.22714
2005-08-28 02:00:00,1.22895,1.23377,1.23443,1.22797
2005-08-28 02:00:00,1.23378,1.23140,1.23462,1.23060
2005-08-29 02:00:00,1.23128,1.22218,1.23464,1.22163
2005-08-29 02:00:00,1.22218,1.22233,1.22336,1.22185
2005-08-30 02:00:00,1.22238,1.22161,1.22350,1.21706
2005-08-30 02:00:00,1.22154,1.22242,1.22302,1.22101
2005-08-31 02:00:00,1.22270,1.23393,1.23575,1.21854
2005-08-31 02:00:00,1.23400,1.23315,1.23423,1.23257
2005-09-01 02:00:00,1.23350,1.24771,1.25235,1.23227
2005-09-01 02:00:00,1.24733,1.24840,1.24920,1.24634
2005-09-02 02:00:00,1.24827,1.25307,1.25888,1.24682
2005-09-04 02:00:00,1.25221,1.25343,1.25437,1.25205
2005-09-04 02:00:00,1.25298,1.25708,1.25751,1.25246
2005-09-05 02:00:00,1.25715,1.25029,1.25845,1.25019
2005-09-05 02:00:00,1.25053,1.24954,1.25102,1.24816
2005-09-06 02:00:00,1.24959,1.24581,1.25158,1.24431
2005-09-06 02:00:00,1.24593,1.24600,1.24719,1.24477
2005-09-07 02:00:00,1.24560,1.24179,1.25371,1.24029
2005-09-07 02:00:00,1.24175,1.24153,1.24238,1.23995
2005-09-08 02:00:00,1.24165,1.24058,1.24523,1.23823
2005-09-08 02:00:00,1.24037,1.24027,1.24099,1.23734
2005-09-09 02:00:00,1.24057,1.24094,1.24580,1.23818
2005-09-11 02:00:00,1.24045,1.24127,1.24137,1.23923
2005-09-11 02:00:00,1.24128,1.23895,1.24145,1.23839
2005-09-12 02:00:00,1.23871,1.22946,1.23909,1.22680
2005-09-12 02:00:00,1.22934,1.23084,1.23159,1.22688
2005-09-13 02:00:00,1.23108,1.22850,1.23127,1.22471
2005-09-13 02:00:00,1.22816,1.22978,1.23021,1.22730
2005-09-14 02:00:00,1.22989,1.22722,1.23270,1.22612
2005-09-14 02:00:00,1.22741,1.22340,1.22741,1.22272
2005-09-15 02:00:00,1.22345,1.22309,1.22383,1.21945
2005-09-15 02:00:00,1.22287,1.22374,1.22437,1.22226
2005-09-16 02:00:00,1.22380,1.22394,1.23081,1.22012
2005-09-18 02:00:00,1.22357,1.21630,1.22357,1.21435
2005-09-18 02:00:00,1.21639,1.21676,1.21743,1.21582
2005-09-19 02:00:00,1.21666,1.21421,1.21699,1.20982
2005-09-19 02:00:00,1.21452,1.21549,1.21601,1.21302
2005-09-20 02:00:00,1.21548,1.21158,1.21912,1.21078
2005-09-20 02:00:00,1.21170,1.21450,1.21477,1.21093
2005-09-21 02:00:00,1.21444,1.22608,1.22681,1.21376
2005-09-21 02:00:00,1.22600,1.22045,1.22683,1.22028
2005-09-22 02:00:00,1.22029,1.21418,1.22341,1.21335
2005-09-22 02:00:00,1.21423,1.21493,1.21602,1.21320
2005-09-23 02:00:00,1.21501,1.20378,1.21674,1.20349
2005-09-25 02:00:00,1.20360,1.20335,1.20386,1.20166
2005-09-25 02:00:00,1.20332,1.20289,1.20351,1.20113
2005-09-26 02:00:00,1.20302,1.20726,1.20801,1.20175
2005-09-26 02:00:00,1.20727,1.20379,1.20812,1.20291
2005-09-27 02:00:00,1.20387,1.20110,1.20471,1.19793
2005-09-27 02:00:00,1.20113,1.20229,1.20373,1.20049
2005-09-28 02:00:00,1.20222,1.20551,1.20691,1.19933
2005-09-28 02:00:00,1.20552,1.20528,1.20553,1.20349
2005-09-29 02:00:00,1.20538,1.20197,1.20757,1.20068
2005-09-29 02:00:00,1.20196,1.20418,1.20558,1.20168
2005-09-30 02:00:00,1.20397,1.20266,1.20889,1.19968
2005-10-02 02:00:00,1.20622,1.20250,1.20650,1.20113
2005-10-02 02:00:00,1.20247,1.19430,1.20307,1.19313
2005-10-03 02:00:00,1.19423,1.19176,1.19692,1.18995
2005-10-03 02:00:00,1.19181,1.19177,1.19268,1.19056
2005-10-04 02:00:00,1.19175,1.19184,1.19483,1.19059
2005-10-04 02:00:00,1.19180,1.19366,1.19427,1.19152
2005-10-05 02:00:00,1.19362,1.20122,1.20173,1.19298
2005-10-05 02:00:00,1.20138,1.20415,1.20579,1.20120
2005-10-06 02:00:00,1.20418,1.21629,1.22042,1.20383
2005-10-06 02:00:00,1.21632,1.21725,1.21760,1.21581
2005-10-07 02:00:00,1.21731,1.21292,1.21788,1.20961
2005-10-09 02:00:00,1.21213,1.21263,1.21338,1.21083
2005-10-09 02:00:00,1.21261,1.21323,1.21342,1.21192
2005-10-10 02:00:00,1.21311,1.20513,1.21529,1.20405
2005-10-10 02:00:00,1.20516,1.20287,1.20556,1.20222
2005-10-11 02:00:00,1.20333,1.19665,1.20476,1.19617
2005-10-11 02:00:00,1.19652,1.19681,1.19718,1.19564
2005-10-12 02:00:00,1.19705,1.20214,1.20520,1.19516
2005-10-12 02:00:00,1.20217,1.19870,1.20253,1.19768
2005-10-13 02:00:00,1.19824,1.20104,1.20370,1.19143
2005-10-13 02:00:00,1.20111,1.20084,1.20160,1.19932
2005-10-14 02:00:00,1.20084,1.20743,1.21046,1.19812
2005-10-16 02:00:00,1.20797,1.20645,1.20900,1.20556
2005-10-16 02:00:00,1.20623,1.20877,1.21194,1.20602
2005-10-17 02:00:00,1.20892,1.20033,1.21123,1.19931
2005-10-17 02:00:00,1.20058,1.20038,1.20116,1.19818
2005-10-18 02:00:00,1.20027,1.19275,1.20076,1.19163
2005-10-18 02:00:00,1.19291,1.19278,1.19453,1.19246
2005-10-19 02:00:00,1.19293,1.19827,1.20026,1.18753
2005-10-19 02:00:00,1.19832,1.19750,1.19864,1.19665
2005-10-20 02:00:00,1.19744,1.20363,1.20372,1.19497
2005-10-20 02:00:00,1.20376,1.20472,1.20749,1.20301
2005-10-21 02:00:00,1.20482,1.19562,1.20592,1.19284
2005-10-23 02:00:00,1.19527,1.19299,1.19527,1.19254
2005-10-23 02:00:00,1.19304,1.19380,1.19437,1.19281
2005-10-24 02:00:00,1.19387,1.19584,1.20211,1.19195
2005-10-24 02:00:00,1.19591,1.19617,1.19673,1.19409
2005-10-25 02:00:00,1.19573,1.20971,1.21186,1.19364
2005-10-25 02:00:00,1.20942,1.20989,1.21114,1.20876
2005-10-26 02:00:00,1.20980,1.20506,1.21366,1.20444
2005-10-26 02:00:00,1.20503,1.20918,1.20991,1.20501
2005-10-27 02:00:00,1.20903,1.21395,1.21720,1.20842
2005-10-27 02:00:00,1.21406,1.21385,1.21551,1.21264
2005-10-28 02:00:00,1.21374,1.20691,1.21697,1.20483
2005-10-30 02:00:00,1.20574,1.20609,1.20699,1.20422
2005-10-30 02:00:00,1.20607,1.20595,1.20630,1.20410
2005-10-31 01:00:00,1.20610,1.19875,1.20889,1.19682
2005-10-31 01:00:00,1.19882,1.19782,1.19899,1.19764
2005-11-01 01:00:00,1.19787,1.20194,1.20412,1.19727
2005-11-01 01:00:00,1.20200,1.20116,1.20221,1.20024
2005-11-02 01:00:00,1.20112,1.20661,1.20835,1.19864
2005-11-02 01:00:00,1.20638,1.20665,1.20721,1.20587
2005-11-03 01:00:00,1.20658,1.19485,1.20817,1.19348
2005-11-03 01:00:00,1.19496,1.19367,1.19496,1.19294
2005-11-04 01:00:00,1.19365,1.18108,1.19928,1.18037
2005-11-06 01:00:00,1.18079,1.18032,1.18108,1.17969
2005-11-06 01:00:00,1.18040,1.18095,1.18138,1.17994
2005-11-07 01:00:00,1.18101,1.17879,1.18310,1.17766
2005-11-07 01:00:00,1.17897,1.17644,1.17922,1.17528
2005-11-08 01:00:00,1.17640,1.17644,1.17938,1.17104
2005-11-08 01:00:00,1.17631,1.17684,1.17699,1.17554
2005-11-09 01:00:00,1.17660,1.17742,1.17889,1.17190
2005-11-09 01:00:00,1.17754,1.17597,1.17754,1.17505
2005-11-10 01:00:00,1.17584,1.16713,1.17950,1.16705
2005-11-10 01:00:00,1.16716,1.16858,1.16895,1.16715
2005-11-11 01:00:00,1.16851,1.17332,1.17345,1.16796
2005-11-13 01:00:00,1.17202,1.17328,1.17340,1.17150
2005-11-13 01:00:00,1.17325,1.17237,1.17424,1.17224
2005-11-14 01:00:00,1.17234,1.16890,1.17729,1.16608
2005-11-14 01:00:00,1.16870,1.16930,1.16997,1.16860
2005-11-15 01:00:00,1.16951,1.17302,1.17355,1.16418
2005-11-15 01:00:00,1.17296,1.17207,1.17313,1.17199
2005-11-16 01:00:00,1.17203,1.16745,1.17300,1.16465
2005-11-16 01:00:00,1.16744,1.16779,1.16875,1.16743
2005-11-17 01:00:00,1.16774,1.17461,1.17625,1.16432
2005-11-17 01:00:00,1.17459,1.17509,1.17553,1.17442
2005-11-18 01:00:00,1.17500,1.17733,1.17924,1.16638
2005-11-20 01:00:00,1.17721,1.17731,1.17834,1.17694
2005-11-20 01:00:00,1.17732,1.17741,1.17787,1.17628
2005-11-21 01:00:00,1.17747,1.17306,1.18376,1.17180
2005-11-21 01:00:00,1.17320,1.17346,1.17378,1.17276
2005-11-22 01:00:00,1.17338,1.18118,1.18241,1.16881
2005-11-22 01:00:00,1.18128,1.17928,1.18131,1.17843
2005-11-23 01:00:00,1.17925,1.18075,1.18624,1.17645
2005-11-23 01:00:00,1.18076,1.18224,1.18243,1.18021
2005-11-24 01:00:00,1.18218,1.17785,1.18233,1.17702
2005-11-24 01:00:00,1.17788,1.17697,1.17789,1.17667
2005-11-25 01:00:00,1.17703,1.17218,1.17794,1.17094
2005-11-27 01:00:00,1.17096,1.17129,1.17180,1.17046
2005-11-27 01:00:00,1.17130,1.16946,1.17145,1.16895
2005-11-28 01:00:00,1.16935,1.18438,1.19015,1.16806
2005-11-28 01:00:00,1.18448,1.18538,1.18621,1.18440
2005-11-29 01:00:00,1.18535,1.17645,1.18575,1.17385
2005-11-29 01:00:00,1.17639,1.17752,1.17775,1.17603
2005-11-30 01:00:00,1.17754,1.17966,1.18020,1.17449
2005-11-30 01:00:00,1.17980,1.17912,1.18034,1.17887
2005-12-01 01:00:00,1.17912,1.17388,1.17970,1.16905
2005-12-01 01:00:00,1.17398,1.17313,1.17413,1.17278
2005-12-02 01:00:00,1.17321,1.17160,1.17475,1.16633
2005-12-04 01:00:00,1.17011,1.17164,1.17190,1.16933
2005-12-04 01:00:00,1.17159,1.17118,1.17185,1.17104
2005-12-05 01:00:00,1.17120,1.17835,1.18199,1.16879
2005-12-05 01:00:00,1.17839,1.17902,1.17928,1.17832
2005-12-06 01:00:00,1.17900,1.17978,1.18068,1.17566
2005-12-06 01:00:00,1.17978,1.17851,1.17986,1.17815
2005-12-07 01:00:00,1.17849,1.17148,1.17849,1.17039
2005-12-07 01:00:00,1.17160,1.17250,1.17352,1.17151
2005-12-08 01:00:00,1.17238,1.18115,1.18490,1.17036
2005-12-08 01:00:00,1.18121,1.17966,1.18183,1.17905
2005-12-09 01:00:00,1.17963,1.18148,1.18370,1.17661
2005-12-11 01:00:00,1.17791,1.17896,1.17949,1.17764
2005-12-11 01:00:00,1.17909,1.18018,1.18042,1.17895
2005-12-12 01:00:00,1.18010,1.19519,1.19818,1.17980
2005-12-12 01:00:00,1.19524,1.19547,1.19548,1.19456
2005-12-13 01:00:00,1.19545,1.19455,1.19869,1.19060
2005-12-13 01:00:00,1.19450,1.19545,1.19550,1.19442
2005-12-14 01:00:00,1.19540,1.19722,1.20601,1.19532
2005-12-14 01:00:00,1.19710,1.19870,1.19941,1.19705
2005-12-15 01:00:00,1.19867,1.19640,1.20390,1.19358
2005-12-15 01:00:00,1.19666,1.19482,1.19772,1.19413
2005-12-16 01:00:00,1.19477,1.20128,1.20263,1.19374
2005-12-18 01:00:00,1.20216,1.20347,1.20375,1.19517
2005-12-18 01:00:00,1.20346,1.20220,1.20371,1.20162
2005-12-19 01:00:00,1.20222,1.20045,1.20301,1.19755
2005-12-19 01:00:00,1.20044,1.20054,1.20122,1.20033
2005-12-20 01:00:00,1.20055,1.18735,1.20057,1.18396
2005-12-20 01:00:00,1.18738,1.18810,1.18818,1.18611
2005-12-21 01:00:00,1.18820,1.18304,1.19106,1.18012
2005-12-21 01:00:00,1.18300,1.18361,1.18377,1.18211
2005-12-22 01:00:00,1.18355,1.18700,1.18960,1.18110
2005-12-22 01:00:00,1.18709,1.18673,1.18782,1.18672
2005-12-23 01:00:00,1.18664,1.18680,1.18845,1.18312
2005-12-25 01:00:00,1.18650,1.18555,1.18743,1.18497
2005-12-25 01:00:00,1.18546,1.18684,1.18691,1.18519
2005-12-26 01:00:00,1.18654,1.18353,1.18945,1.18276
2005-12-26 01:00:00,1.18352,1.18332,1.18375,1.18305
2005-12-27 01:00:00,1.18335,1.18523,1.18762,1.18224
2005-12-27 01:00:00,1.18526,1.18546,1.18558,1.18466
2005-12-28 01:00:00,1.18536,1.18451,1.19307,1.18121
2005-12-28 01:00:00,1.18458,1.18518,1.18549,1.18392
2005-12-29 01:00:00,1.18525,1.18476,1.18798,1.18195
2005-12-29 01:00:00,1.18483,1.18433,1.18499,1.18429
2005-12-30 01:00:00,1.18440,1.18465,1.18871,1.17774
2006-01-01 01:00:00,1.18452,1.18450,1.18480,1.18436
